{
  "__version__": "1.0.3",
  "builder": {},
  "gizmos-infos": {
    "is2D": false,
    "is3DIcon": false,
    "iconSize": 2,
    "gridVisible": true,
    "originAxis2D": {
      "x_visible": true,
      "y_visible": true,
      "z_visible": false
    },
    "originAxis3D": {
      "x_visible": true,
      "y_visible": false,
      "z_visible": true
    },
    "gridColor": [
      166,
      166,
      166,
      255
    ],
    "transformToolName": "position",
    "pivot": "pivot",
    "coordinate": "local",
    "toolsVisibility3d": true
  },
  "snap-configs": {
    "position": {
      "x": 1,
      "y": 1,
      "z": 1
    },
    "rotation": 1,
    "scale": 1,
    "isPositionSnapEnabled": false,
    "isRotationSnapEnabled": false,
    "isScaleSnapEnabled": false
  },
  "rect-snap-configs": {
    "enableSnapping": true,
    "snapThreshold": 4
  },
  "camera-infos": {
    "a722f276-4a6a-4712-b477-01d1a78b32e8": {
      "position": {
        "x": 10.853841682151163,
        "y": 10.853841682151163,
        "z": 10.853841682151156
      },
      "rotation": {
        "x": -0.27984814233312133,
        "y": 0.3647051996310009,
        "z": 0.11591689595929512,
        "w": 0.8804762392171493
      },
      "viewCenter": {
        "x": 0,
        "y": 0,
        "z": 0
      },
      "contentRect": {
        "x": 0,
        "y": 0,
        "width": 1508,
        "height": 1322
      },
      "scale": 1
    },
    "e5c16e95-270a-4d62-94b2-a0e117ffa89a": {
      "position": {
        "x": 10.853841682151163,
        "y": 10.853841682151163,
        "z": 10.853841682151156
      },
      "rotation": {
        "x": -0.27984814233312133,
        "y": 0.3647051996310009,
        "z": 0.11591689595929512,
        "w": 0.8804762392171493
      },
      "viewCenter": {
        "x": 0,
        "y": 0,
        "z": 0
      },
      "contentRect": {
        "x": 0,
        "y": 0,
        "width": 1508,
        "height": 1322
      },
      "scale": 1
    },
    "08941bba-ca7a-4bc8-99e3-5f91e2dd201e": {
      "position": {
        "x": 1504.68938739304,
        "y": 1224.6893873930399,
        "z": 864.6893873930399
      },
      "rotation": {
        "x": -0.27984814233312133,
        "y": 0.3647051996310009,
        "z": 0.11591689595929512,
        "w": 0.8804762392171493
      },
      "viewCenter": {
        "x": 640,
        "y": 360,
        "z": 0
      },
      "contentRect": {
        "x": 0,
        "y": 0,
        "width": 1508,
        "height": 1322
      },
      "scale": 1
    }
  },
  "camera-uuids": [
    "a722f276-4a6a-4712-b477-01d1a78b32e8",
    "e5c16e95-270a-4d62-94b2-a0e117ffa89a",
    "08941bba-ca7a-4bc8-99e3-5f91e2dd201e"
  ],
  "camera": {
    "color": [
      48,
      48,
      48,
      255
    ],
    "fov": 45,
    "far": 10000,
    "near": 0.01,
    "wheelSpeed": 0.01,
    "wanderSpeed": 10,
    "enableAcceleration": true,
    "size": "__default_design__",
    "far2D": 10000,
    "near2D": 1,
    "wheelSpeed2D": 6,
    "iso": 0,
    "aperture": 19,
    "shutter": 7
  }
}
